-- MySQL dump 10.19  Distrib 10.3.34-MariaDB, for debian-linux-gnu (x86_64)
--
-- Host: localhost    Database: arcade
-- ------------------------------------------------------
-- Server version	10.3.34-MariaDB-0ubuntu0.20.04.1

/*!40101 SET @OLD_CHARACTER_SET_CLIENT=@@CHARACTER_SET_CLIENT */;
/*!40101 SET @OLD_CHARACTER_SET_RESULTS=@@CHARACTER_SET_RESULTS */;
/*!40101 SET @OLD_COLLATION_CONNECTION=@@COLLATION_CONNECTION */;
/*!40101 SET NAMES utf8mb4 */;
/*!40103 SET @OLD_TIME_ZONE=@@TIME_ZONE */;
/*!40103 SET TIME_ZONE='+00:00' */;
/*!40014 SET @OLD_UNIQUE_CHECKS=@@UNIQUE_CHECKS, UNIQUE_CHECKS=0 */;
/*!40014 SET @OLD_FOREIGN_KEY_CHECKS=@@FOREIGN_KEY_CHECKS, FOREIGN_KEY_CHECKS=0 */;
/*!40101 SET @OLD_SQL_MODE=@@SQL_MODE, SQL_MODE='NO_AUTO_VALUE_ON_ZERO' */;
/*!40111 SET @OLD_SQL_NOTES=@@SQL_NOTES, SQL_NOTES=0 */;

--
-- Table structure for table `chat_room`
--

DROP TABLE IF EXISTS `chat_room`;
/*!40101 SET @saved_cs_client     = @@character_set_client */;
/*!40101 SET character_set_client = utf8 */;
CREATE TABLE `chat_room` (
  `chat_room_seq` bigint(20) NOT NULL AUTO_INCREMENT,
  `created_date` datetime DEFAULT NULL,
  `modified_date` datetime DEFAULT NULL,
  `last_content` varchar(255) DEFAULT NULL,
  `last_time` varchar(255) DEFAULT NULL,
  `user1` bigint(20) DEFAULT NULL,
  `user2` bigint(20) DEFAULT NULL,
  PRIMARY KEY (`chat_room_seq`),
  KEY `FKo5odduew799nt0cna4jc99pdf` (`user1`),
  KEY `FKl875m1de684w34ntc9br92rje` (`user2`),
  CONSTRAINT `FKl875m1de684w34ntc9br92rje` FOREIGN KEY (`user2`) REFERENCES `user` (`user_seq`),
  CONSTRAINT `FKo5odduew799nt0cna4jc99pdf` FOREIGN KEY (`user1`) REFERENCES `user` (`user_seq`)
) ENGINE=InnoDB AUTO_INCREMENT=19 DEFAULT CHARSET=utf8mb4;
/*!40101 SET character_set_client = @saved_cs_client */;

--
-- Dumping data for table `chat_room`
--

LOCK TABLES `chat_room` WRITE;
/*!40000 ALTER TABLE `chat_room` DISABLE KEYS */;
INSERT INTO `chat_room` VALUES (1,'2022-05-09 06:43:48','2022-05-13 11:30:31',' 배고프아','2022-05-13 11:30',4,1),(2,'2022-05-09 06:45:59','2022-05-13 09:31:54','ba','2022-05-13 09:31',4,2),(3,'2022-05-11 00:33:17','2022-05-16 18:19:11',' dd','2022-05-16 18:19',1,10),(5,'2022-05-12 22:46:07','2022-05-12 22:49:36','ㅋㅋㅋㅋㅋㅋㅋ','2022-05-12 22:49',14,15),(7,'2022-05-13 11:28:25','2022-05-18 10:38:17','왜 튕기는거임?','2022-05-18 10:38',1,14),(10,'2022-05-16 14:57:27','2022-05-18 10:38:36',' ㅋ','2022-05-18 10:38',12,1),(11,'2022-05-17 15:06:15','2022-05-17 15:20:01',' ','2022-05-17 15:20',8,7),(12,'2022-05-17 16:12:51','2022-05-17 21:58:51','??','2022-05-17 21:58',3,1),(14,'2022-05-17 23:11:21','2022-05-18 10:38:24','왜팅겨','2022-05-18 10:38',3,14),(16,'2022-05-18 09:51:52','2022-05-18 09:51:56','헤이','2022-05-18 09:51',18,1),(17,'2022-05-18 11:07:50','2022-05-18 11:07:55','안녕하세요!!','2022-05-18 11:07',9,7),(18,'2022-05-18 11:32:37','2022-05-18 11:33:06',' ㅇㅋㄷㅋ','2022-05-18 11:33',14,2);
/*!40000 ALTER TABLE `chat_room` ENABLE KEYS */;
UNLOCK TABLES;

--
-- Table structure for table `friend`
--

DROP TABLE IF EXISTS `friend`;
/*!40101 SET @saved_cs_client     = @@character_set_client */;
/*!40101 SET character_set_client = utf8 */;
CREATE TABLE `friend` (
  `friend_seq` bigint(20) NOT NULL AUTO_INCREMENT,
  `created_date` datetime DEFAULT NULL,
  `modified_date` datetime DEFAULT NULL,
  `is_approved` bit(1) NOT NULL,
  `request_seq` bigint(20) DEFAULT NULL,
  `target_seq` bigint(20) DEFAULT NULL,
  PRIMARY KEY (`friend_seq`),
  KEY `FKb7ct8wvghpo5y95q26nwerjpi` (`request_seq`),
  KEY `FKclwpm4bvwaag8q5x0n0cei40u` (`target_seq`),
  CONSTRAINT `FKb7ct8wvghpo5y95q26nwerjpi` FOREIGN KEY (`request_seq`) REFERENCES `user` (`user_seq`),
  CONSTRAINT `FKclwpm4bvwaag8q5x0n0cei40u` FOREIGN KEY (`target_seq`) REFERENCES `user` (`user_seq`)
) ENGINE=InnoDB AUTO_INCREMENT=73 DEFAULT CHARSET=utf8mb4;
/*!40101 SET character_set_client = @saved_cs_client */;

--
-- Dumping data for table `friend`
--

LOCK TABLES `friend` WRITE;
/*!40000 ALTER TABLE `friend` DISABLE KEYS */;
INSERT INTO `friend` VALUES (1,NULL,NULL,'',1,4),(2,NULL,NULL,'',2,4),(3,'2022-05-11 00:14:58','2022-05-11 00:14:58','',10,1),(9,'2022-05-12 22:35:41','2022-05-12 22:35:41','\0',14,4),(10,'2022-05-12 22:35:42','2022-05-12 22:35:42','\0',14,5),(14,'2022-05-12 22:36:00','2022-05-12 22:36:00','\0',14,11),(15,'2022-05-12 22:44:46','2022-05-12 22:45:48','',15,14),(16,'2022-05-13 11:27:52','2022-05-13 11:28:15','',1,14),(18,'2022-05-13 16:05:08','2022-05-13 16:05:13','',12,2),(24,'2022-05-16 13:29:17','2022-05-16 13:29:24','',1,3),(32,'2022-05-16 14:55:00','2022-05-16 14:55:03','',12,1),(33,'2022-05-17 11:53:44','2022-05-17 11:53:44','\0',14,17),(34,'2022-05-17 15:05:55','2022-05-17 15:06:04','',7,8),(35,'2022-05-17 23:10:22','2022-05-17 23:10:26','',3,14),(37,'2022-05-18 00:57:38','2022-05-18 00:57:38','\0',12,4),(38,'2022-05-18 00:57:39','2022-05-18 00:57:39','\0',12,5),(39,'2022-05-18 00:57:40','2022-05-18 01:23:22','',12,6),(40,'2022-05-18 01:05:21','2022-05-18 01:05:21','\0',12,11),(41,'2022-05-18 01:05:27','2022-05-18 09:46:32','',14,7),(42,'2022-05-18 01:05:28','2022-05-18 10:21:59','',14,8),(43,'2022-05-18 01:05:28','2022-05-18 01:05:28','\0',14,9),(44,'2022-05-18 01:06:19','2022-05-18 01:06:19','\0',3,5),(45,'2022-05-18 01:16:47','2022-05-18 01:16:47','\0',3,4),(46,'2022-05-18 01:22:52','2022-05-18 01:22:52','\0',1,5),(52,'2022-05-18 01:26:34','2022-05-18 01:26:37','',12,3),(54,'2022-05-18 01:37:51','2022-05-18 09:46:32','',1,7),(55,'2022-05-18 01:39:00','2022-05-18 01:39:00','\0',1,17),(57,'2022-05-18 01:40:08','2022-05-18 10:53:25','',1,6),(64,'2022-05-18 02:02:32','2022-05-18 09:50:10','',1,18),(65,'2022-05-18 09:50:24','2022-05-18 14:38:51','',18,7),(66,'2022-05-18 09:52:37','2022-05-18 09:52:54','',14,16),(67,'2022-05-18 11:07:33','2022-05-18 11:07:39','',7,9),(69,'2022-05-18 11:32:15','2022-05-18 11:32:23','',14,2),(70,'2022-05-18 14:25:56','2022-05-18 14:25:56','\0',6,3),(71,'2022-05-18 14:37:19','2022-05-18 14:37:32','',9,6),(72,'2022-05-18 14:38:32','2022-05-18 14:38:41','',9,1);
/*!40000 ALTER TABLE `friend` ENABLE KEYS */;
UNLOCK TABLES;

--
-- Table structure for table `game`
--

DROP TABLE IF EXISTS `game`;
/*!40101 SET @saved_cs_client     = @@character_set_client */;
/*!40101 SET character_set_client = utf8 */;
CREATE TABLE `game` (
  `game_seq` bigint(20) NOT NULL AUTO_INCREMENT,
  `created_date` datetime DEFAULT NULL,
  `modified_date` datetime DEFAULT NULL,
  `game_cnt` int(11) NOT NULL,
  `vic_cnt` int(11) NOT NULL,
  PRIMARY KEY (`game_seq`)
) ENGINE=InnoDB AUTO_INCREMENT=72 DEFAULT CHARSET=utf8mb4;
/*!40101 SET character_set_client = @saved_cs_client */;

--
-- Dumping data for table `game`
--

LOCK TABLES `game` WRITE;
/*!40000 ALTER TABLE `game` DISABLE KEYS */;
INSERT INTO `game` VALUES (1,'2022-05-09 05:31:00','2022-05-18 10:38:41',20,0),(2,'2022-05-09 05:31:00','2022-05-18 10:45:21',141,0),(3,'2022-05-09 05:31:00','2022-05-18 11:03:09',11,2),(4,'2022-05-09 05:46:16','2022-05-18 11:26:08',3,3),(5,'2022-05-09 05:46:16','2022-05-09 05:46:16',0,0),(6,'2022-05-09 05:46:16','2022-05-17 11:17:27',1,1),(7,'2022-05-09 06:20:54','2022-05-18 10:38:41',13,0),(8,'2022-05-09 06:20:54','2022-05-18 10:45:21',4,0),(9,'2022-05-09 06:20:54','2022-05-18 10:49:59',3,1),(10,'2022-05-09 06:20:59','2022-05-09 06:20:59',0,0),(11,'2022-05-09 06:20:59','2022-05-09 06:20:59',0,0),(12,'2022-05-09 06:20:59','2022-05-09 06:20:59',0,0),(13,'2022-05-09 06:21:01','2022-05-09 06:21:01',0,0),(14,'2022-05-09 06:21:01','2022-05-09 06:21:01',0,0),(15,'2022-05-09 06:21:01','2022-05-09 06:21:01',0,0),(16,'2022-05-09 06:21:07','2022-05-18 11:26:08',3,3),(17,'2022-05-09 06:21:07','2022-05-09 06:21:07',0,0),(18,'2022-05-09 06:21:07','2022-05-18 11:00:32',2,0),(19,'2022-05-10 10:29:40','2022-05-18 10:38:41',6,0),(20,'2022-05-10 10:29:40','2022-05-18 10:45:21',2,0),(21,'2022-05-10 10:29:40','2022-05-18 11:00:32',3,0),(22,'2022-05-10 10:33:05','2022-05-10 10:33:05',0,0),(23,'2022-05-10 10:33:05','2022-05-10 10:33:05',0,0),(24,'2022-05-10 10:33:05','2022-05-10 10:33:05',0,0),(25,'2022-05-10 10:33:11','2022-05-10 10:33:11',0,0),(26,'2022-05-10 10:33:11','2022-05-10 10:33:11',0,0),(27,'2022-05-10 10:33:11','2022-05-10 10:33:11',0,0),(28,'2022-05-11 00:28:32','2022-05-11 00:28:32',0,0),(29,'2022-05-11 00:28:32','2022-05-11 00:28:32',0,0),(30,'2022-05-11 00:28:32','2022-05-11 00:28:32',0,0),(31,'2022-05-11 14:28:32','2022-05-11 14:28:32',0,0),(32,'2022-05-11 14:28:33','2022-05-11 14:28:33',0,0),(33,'2022-05-11 14:28:33','2022-05-11 14:28:33',0,0),(34,'2022-05-11 14:28:33','2022-05-11 14:28:33',0,0),(35,'2022-05-12 18:26:52','2022-05-18 10:38:41',12,0),(36,'2022-05-12 18:26:52','2022-05-18 10:45:21',3,0),(37,'2022-05-12 18:26:52','2022-05-18 11:03:09',5,3),(38,'2022-05-12 18:26:52','2022-05-12 18:26:52',0,0),(39,'2022-05-12 19:42:28','2022-05-12 19:42:28',0,0),(40,'2022-05-12 19:42:28','2022-05-12 19:42:28',0,0),(41,'2022-05-12 19:42:28','2022-05-12 19:42:28',0,0),(42,'2022-05-12 19:42:28','2022-05-12 19:42:28',0,0),(43,'2022-05-12 22:33:12','2022-05-18 11:26:08',20,5),(44,'2022-05-12 22:33:12','2022-05-18 10:45:21',5,0),(45,'2022-05-12 22:33:12','2022-05-18 10:47:23',3,0),(46,'2022-05-12 22:33:12','2022-05-12 22:33:12',0,0),(47,'2022-05-12 22:44:29','2022-05-12 22:44:29',0,0),(48,'2022-05-12 22:44:29','2022-05-12 22:44:29',0,0),(49,'2022-05-12 22:44:29','2022-05-12 22:44:29',0,0),(50,'2022-05-12 22:44:29','2022-05-12 22:44:29',0,0),(51,'2022-05-13 09:15:23','2022-05-18 10:38:41',12,0),(52,'2022-05-13 09:15:23','2022-05-18 10:45:21',23,0),(53,'2022-05-13 09:15:23','2022-05-18 11:00:32',5,1),(54,'2022-05-13 09:15:23','2022-05-13 09:15:23',0,0),(55,'2022-05-13 09:50:32','2022-05-18 01:26:12',2,0),(56,'2022-05-13 09:50:32','2022-05-18 14:55:00',49,0),(57,'2022-05-13 09:50:32','2022-05-13 09:50:32',0,0),(58,'2022-05-13 09:50:32','2022-05-13 09:50:32',0,0),(59,'2022-05-13 11:31:52','2022-05-13 11:31:52',0,0),(60,'2022-05-13 11:35:15','2022-05-13 11:35:15',0,0),(61,'2022-05-13 11:35:50','2022-05-13 11:35:50',0,0),(62,'2022-05-13 16:05:05','2022-05-13 16:05:05',0,0),(63,'2022-05-14 23:32:30','2022-05-14 23:32:30',0,0),(64,'2022-05-16 09:08:41','2022-05-16 09:08:41',0,0),(65,'2022-05-16 14:10:24','2022-05-16 14:10:24',0,0),(66,'2022-05-17 11:53:58','2022-05-18 09:48:59',1,0),(67,'2022-05-17 11:53:58','2022-05-18 09:49:37',1,0),(68,'2022-05-17 11:53:58','2022-05-17 11:53:58',0,0),(69,'2022-05-18 11:18:32','2022-05-18 11:18:32',0,0),(70,'2022-05-18 11:18:32','2022-05-18 11:18:32',0,0),(71,'2022-05-18 11:18:32','2022-05-18 11:18:32',0,0);
/*!40000 ALTER TABLE `game` ENABLE KEYS */;
UNLOCK TABLES;

--
-- Table structure for table `game_room`
--

DROP TABLE IF EXISTS `game_room`;
/*!40101 SET @saved_cs_client     = @@character_set_client */;
/*!40101 SET character_set_client = utf8 */;
CREATE TABLE `game_room` (
  `game_room_seq` bigint(20) NOT NULL AUTO_INCREMENT,
  `created_date` datetime DEFAULT NULL,
  `modified_date` datetime DEFAULT NULL,
  `current_member` int(11) NOT NULL,
  `invite_code` varchar(255) NOT NULL,
  `is_del` bit(1) DEFAULT NULL,
  PRIMARY KEY (`game_room_seq`)
) ENGINE=InnoDB AUTO_INCREMENT=341 DEFAULT CHARSET=utf8mb4;
/*!40101 SET character_set_client = @saved_cs_client */;

--
-- Dumping data for table `game_room`
--

LOCK TABLES `game_room` WRITE;
/*!40000 ALTER TABLE `game_room` DISABLE KEYS */;
INSERT INTO `game_room` VALUES (160,'2022-05-15 19:34:45','2022-05-15 19:44:52',-1,'CJ9sM779d5',NULL),(161,'2022-05-15 19:45:04','2022-05-15 19:48:23',2,'PkPeBwAT97',NULL),(162,'2022-05-15 19:48:28','2022-05-15 19:49:21',1,'7OuT5j3AE7',NULL),(163,'2022-05-15 19:50:11','2022-05-15 19:52:41',-1,'XRGUKa5za8',NULL),(164,'2022-05-15 19:52:48','2022-05-15 19:53:22',-1,'3lS5lK99ra',NULL),(165,'2022-05-15 19:53:39','2022-05-15 19:55:33',-1,'8Ca5VE58f3',NULL),(166,'2022-05-15 19:55:46','2022-05-15 19:59:20',1,'yD13pj5DO7',NULL),(167,'2022-05-15 19:59:31','2022-05-15 20:02:56',2,'146OM8kzhB',NULL),(168,'2022-05-15 20:03:12','2022-05-15 20:05:47',1,'Lm15u4HtBV',NULL),(169,'2022-05-15 20:05:53','2022-05-15 20:19:25',-1,'74xHrwCS0O',NULL),(170,'2022-05-15 20:19:34','2022-05-15 20:22:47',0,'U1il0J60di',NULL),(171,'2022-05-15 20:45:07','2022-05-15 20:45:38',2,'9y098SNeJC',NULL),(172,'2022-05-15 21:21:44','2022-05-15 21:30:27',0,'8fFQzzL4lz',NULL),(173,'2022-05-15 22:41:10','2022-05-15 22:41:10',0,'w5OGO2KO2q',NULL),(174,'2022-05-16 00:54:34','2022-05-16 00:54:34',0,'LpeR4dGbCd',NULL),(175,'2022-05-16 09:47:03','2022-05-16 09:57:42',0,'s3seXaV5Wr',NULL),(176,'2022-05-16 09:53:38','2022-05-16 09:53:58',0,'rkpi8Y9sxT',NULL),(177,'2022-05-16 09:54:36','2022-05-16 09:55:51',-1,'M5iwrJsa5v',NULL),(178,'2022-05-16 10:00:49','2022-05-16 10:05:45',0,'4gWSHEz9hn',NULL),(179,'2022-05-16 10:05:48','2022-05-16 10:10:51',0,'97qyKIA0Uk',NULL),(180,'2022-05-16 11:15:30','2022-05-16 11:16:09',0,'1UfG2O2WL6',NULL),(181,'2022-05-16 11:29:59','2022-05-16 11:29:59',0,'5jEV0O60i6',NULL),(182,'2022-05-16 14:24:42','2022-05-16 14:31:48',0,'8SY6p7N29k',NULL),(183,'2022-05-16 14:32:02','2022-05-16 14:32:56',-1,'cuUxTkFNZe',NULL),(184,'2022-05-16 14:32:39','2022-05-16 18:14:43',0,'QAKM2KXa4L',NULL),(185,'2022-05-16 14:34:09','2022-05-16 14:35:01',0,'sE2n005nIf',NULL),(186,'2022-05-16 14:39:32','2022-05-16 14:39:53',0,'6P22DOXKv2',NULL),(187,'2022-05-16 14:40:48','2022-05-16 14:42:16',0,'0Mp0HinT19',NULL),(188,'2022-05-16 14:41:05','2022-05-16 14:44:59',0,'X5BhpZxWZH',NULL),(189,'2022-05-16 14:42:38','2022-05-16 14:44:43',0,'ckb8C34yic',NULL),(190,'2022-05-16 15:18:18','2022-05-16 15:18:18',0,'K936v98u4W',NULL),(191,'2022-05-16 15:18:24','2022-05-16 15:18:24',0,'17SJdtCl06',NULL),(192,'2022-05-16 15:19:06','2022-05-16 15:19:06',0,'D2D3a0U931',NULL),(193,'2022-05-16 15:19:27','2022-05-16 15:19:27',0,'1sshRMa4Rx',NULL),(194,'2022-05-16 15:19:59','2022-05-16 15:19:59',0,'glz3rExkSs',NULL),(195,'2022-05-16 15:22:23','2022-05-16 15:22:23',0,'4u05IANdcT',NULL),(196,'2022-05-16 15:23:19','2022-05-16 15:23:19',0,'1IwmReLoc3',NULL),(197,'2022-05-16 15:25:00','2022-05-16 15:25:23',0,'kC5yf6ne66',NULL),(198,'2022-05-16 15:25:56','2022-05-16 15:31:33',-1,'C7pAV988Sa',NULL),(199,'2022-05-16 15:31:43','2022-05-16 15:32:42',-1,'5G411q55B7',NULL),(200,'2022-05-16 15:32:52','2022-05-16 15:37:23',-1,'JajV84kSgh',NULL),(201,'2022-05-16 15:37:31','2022-05-16 15:41:48',-1,'3HWPhRiX7c',NULL),(202,'2022-05-16 15:41:56','2022-05-16 15:43:22',-1,'bYWJX0ncDn',NULL),(203,'2022-05-16 15:44:43','2022-05-16 15:49:26',-1,'80UkR5jgjn',NULL),(204,'2022-05-16 15:49:35','2022-05-16 15:51:36',3,'jVR0CbdszG',NULL),(205,'2022-05-16 15:51:41','2022-05-16 20:17:03',3,'tBQhzhFwsg',NULL),(206,'2022-05-16 20:10:55','2022-05-16 20:32:31',-1,'4oVn4R5fUy',NULL),(207,'2022-05-16 20:10:58','2022-05-16 20:10:58',0,'3T1KSpi5WJ',NULL),(208,'2022-05-16 20:11:03','2022-05-16 20:11:03',0,'600Fl65iOI',NULL),(209,'2022-05-16 20:36:49','2022-05-16 21:09:26',0,'ou684wp1ON',NULL),(210,'2022-05-16 21:09:28','2022-05-16 21:10:38',0,'395LdoU3b8',NULL),(211,'2022-05-16 21:10:39','2022-05-16 21:16:28',-1,'p0kj2wr3H4',NULL),(212,'2022-05-16 21:18:54','2022-05-16 21:38:47',-1,'9GoiGu5K9b',NULL),(213,'2022-05-16 21:32:07','2022-05-16 21:58:34',-1,'ydb3089r0Y',NULL),(214,'2022-05-16 21:39:21','2022-05-16 21:44:59',-1,'yu01178YBf',NULL),(215,'2022-05-16 21:45:04','2022-05-16 21:59:55',2,'w43BCN7RWs',NULL),(216,'2022-05-16 21:58:46','2022-05-16 22:31:15',-1,'3bxYaw31fs',NULL),(217,'2022-05-16 22:00:13','2022-05-16 22:12:07',1,'U5ZG8POR2v',NULL),(218,'2022-05-16 22:12:06','2022-05-16 22:35:39',-1,'9orfYQsL6T',NULL),(219,'2022-05-16 22:31:31','2022-05-16 22:32:40',-1,'0KmIwm82s5',NULL),(220,'2022-05-16 22:32:52','2022-05-16 22:53:18',-1,'1Ah9a789W4',NULL),(221,'2022-05-16 22:43:45','2022-05-16 22:43:55',-1,'m0xu70OfI6',NULL),(222,'2022-05-16 22:45:42','2022-05-16 23:00:17',-1,'xVcZ4ht9s5',NULL),(223,'2022-05-16 22:53:32','2022-05-16 23:07:23',4,'b6L961U2LW',NULL),(224,'2022-05-16 23:00:08','2022-05-16 23:24:08',-1,'myzf6g129x',NULL),(225,'2022-05-16 23:07:27','2022-05-16 23:08:24',0,'6UxbUP1GHX',NULL),(226,'2022-05-16 23:08:36','2022-05-16 23:09:01',0,'uJ7FDzwhJB',NULL),(227,'2022-05-16 23:10:46','2022-05-16 23:13:07',-1,'6dZ4fMsA5N',NULL),(228,'2022-05-16 23:13:22','2022-05-17 00:31:06',3,'uShOdTTwJi',NULL),(229,'2022-05-16 23:24:21','2022-05-16 23:37:55',-1,'2C5coKbdue',NULL),(230,'2022-05-16 23:33:56','2022-05-16 23:34:47',-1,'4NTK6h871q',NULL),(231,'2022-05-16 23:38:00','2022-05-16 23:57:39',3,'vjlgH3FFS5',NULL),(232,'2022-05-16 23:57:35','2022-05-16 23:57:53',3,'d1ScZlY11X',NULL),(233,'2022-05-17 00:04:09','2022-05-17 00:19:41',1,'QD1B0a9Yaz',NULL),(234,'2022-05-17 00:05:00','2022-05-17 00:05:12',0,'o3lDsc0eMZ',NULL),(235,'2022-05-17 00:05:16','2022-05-17 00:05:43',0,'c9009sNlgU',NULL),(236,'2022-05-17 00:06:15','2022-05-17 00:14:22',0,'cpb4V327nZ',NULL),(237,'2022-05-17 00:14:25','2022-05-17 00:14:46',0,'UDrRc9y6X2',NULL),(238,'2022-05-17 01:28:11','2022-05-17 01:28:11',0,'Bd1DvWTZy2',NULL),(239,'2022-05-17 04:47:16','2022-05-17 04:47:16',0,'YahS70Qkf7',NULL),(240,'2022-05-17 04:47:16','2022-05-17 04:47:37',0,'3xWt23If1A',NULL),(241,'2022-05-17 08:11:30','2022-05-17 08:11:48',0,'X2Uba16CoD',NULL),(242,'2022-05-17 08:21:48','2022-05-17 08:22:23',-1,'22ov0ki1B5',NULL),(243,'2022-05-17 09:58:08','2022-05-17 10:10:59',0,'8Xelh1RFnP',NULL),(244,'2022-05-17 10:24:18','2022-05-17 10:55:38',0,'Y2kbAGjG1T',NULL),(245,'2022-05-17 10:48:06','2022-05-17 11:08:34',-1,'r5svJ5N299',NULL),(246,'2022-05-17 10:55:57','2022-05-17 10:56:22',0,'EQOD9bV4jF',NULL),(247,'2022-05-17 11:08:39','2022-05-17 11:17:54',3,'V7314YSZDQ',NULL),(248,'2022-05-17 11:08:53','2022-05-17 11:09:34',0,'wF52YxYCSD',NULL),(249,'2022-05-17 11:18:54','2022-05-17 11:20:28',0,'3L4t3r4D05',NULL),(250,'2022-05-17 11:20:46','2022-05-17 11:21:50',0,'2O3P4bB29I',NULL),(251,'2022-05-17 11:26:35','2022-05-17 11:27:28',0,'tzL38ePylQ',NULL),(252,'2022-05-17 11:38:11','2022-05-17 11:38:19',0,'8PiiS3ANYH',NULL),(253,'2022-05-17 11:42:24','2022-05-17 11:43:15',0,'1C38Z2s2Iq',NULL),(254,'2022-05-17 11:43:40','2022-05-17 11:51:18',0,'tJo5pBj3Zl',NULL),(255,'2022-05-17 11:56:28','2022-05-17 11:56:28',0,'mo5mO3Yg6B',NULL),(256,'2022-05-17 12:02:25','2022-05-17 12:03:22',0,'1o1PTXSpf0',NULL),(257,'2022-05-17 12:02:51','2022-05-17 12:13:13',0,'41w2PA8aez',NULL),(258,'2022-05-17 12:03:31','2022-05-17 12:03:39',0,'ozO9464znw',NULL),(259,'2022-05-17 12:14:57','2022-05-17 12:17:49',0,'9q25H77VHK',NULL),(260,'2022-05-17 12:20:05','2022-05-17 12:21:01',0,'JF45Ovcyci',NULL),(261,'2022-05-17 12:21:26','2022-05-17 12:57:40',0,'kL9mPJE4Fe',NULL),(262,'2022-05-17 13:43:44','2022-05-17 13:44:53',2,'19b0H8u2Aj',NULL),(263,'2022-05-17 13:44:08','2022-05-17 13:58:56',1,'SPIuM09p0z',NULL),(264,'2022-05-17 14:58:03','2022-05-17 14:58:10',0,'tw035z89NK',NULL),(265,'2022-05-17 15:00:11','2022-05-17 15:00:45',0,'C07XNBkibE',NULL),(266,'2022-05-17 15:00:52','2022-05-17 15:01:09',0,'vpRkCQFNV7',NULL),(267,'2022-05-17 15:01:24','2022-05-17 15:01:35',0,'uS51mD4c6h',NULL),(268,'2022-05-17 15:02:12','2022-05-17 15:02:14',0,'8E90XpN9rE',NULL),(269,'2022-05-17 15:02:26','2022-05-17 15:02:37',0,'9EF6560Qj3',NULL),(270,'2022-05-17 15:02:53','2022-05-17 15:03:05',0,'6v3nbc4pI8',NULL),(271,'2022-05-17 15:03:38','2022-05-17 15:10:09',-1,'nilun95814',NULL),(272,'2022-05-17 15:29:40','2022-05-17 15:29:40',0,'3MiXMCBO17',NULL),(273,'2022-05-17 15:33:01','2022-05-17 15:46:11',0,'Z5nHFxwij7',NULL),(274,'2022-05-17 15:46:02','2022-05-17 16:13:33',-1,'bH2H5EkbE6',NULL),(275,'2022-05-17 15:46:56','2022-05-17 15:47:06',0,'aJb1yL5QDr',NULL),(276,'2022-05-17 16:13:38','2022-05-17 16:55:47',-1,'j6669J8pou',NULL),(277,'2022-05-17 20:00:17','2022-05-17 20:00:28',0,'0GSBREzKX9',NULL),(278,'2022-05-17 20:42:40','2022-05-17 20:42:40',0,'YX80D2Pdq6',NULL),(279,'2022-05-17 20:44:06','2022-05-17 20:56:50',0,'85ip87L9G9',NULL),(280,'2022-05-17 20:56:56','2022-05-17 21:46:07',-1,'A5itKe7e65',NULL),(281,'2022-05-17 21:46:14','2022-05-17 21:46:31',-1,'8VU3WMbzsO',NULL),(282,'2022-05-17 21:46:35','2022-05-17 22:10:06',-1,'5fa7wz23J5',NULL),(283,'2022-05-17 23:02:45','2022-05-17 23:02:45',0,'kI96k3cu1q',NULL),(284,'2022-05-17 23:10:40','2022-05-17 23:12:48',0,'D3zZBTvVUq',NULL),(285,'2022-05-17 23:19:21','2022-05-17 23:20:45',0,'9ir3B91n9k',NULL),(286,'2022-05-17 23:20:38','2022-05-17 23:29:18',0,'ze2W0K4XL6',NULL),(287,'2022-05-17 23:30:10','2022-05-17 23:37:14',0,'dj5YHFbLm2',NULL),(288,'2022-05-17 23:36:12','2022-05-17 23:37:12',0,'mOsrD51DXJ',NULL),(289,'2022-05-18 00:09:50','2022-05-18 00:39:41',1,'3ihm37WFV2',NULL),(290,'2022-05-18 00:36:26','2022-05-18 00:36:26',0,'39UQFCw3n1',NULL),(291,'2022-05-18 00:36:47','2022-05-18 00:36:58',0,'7Z64U5KNjr',NULL),(292,'2022-05-18 00:37:05','2022-05-18 00:44:10',-1,'QCOQKQ0sec',NULL),(293,'2022-05-18 00:38:07','2022-05-18 00:38:34',0,'9q603Q6T7K',NULL),(294,'2022-05-18 00:44:16','2022-05-18 01:25:14',2,'Uj3svB3E84',NULL),(295,'2022-05-18 00:46:37','2022-05-18 00:46:53',0,'4SRPNef6V5',NULL),(296,'2022-05-18 00:47:39','2022-05-18 00:49:11',0,'7r3XS566Us',NULL),(297,'2022-05-18 00:49:26','2022-05-18 00:49:26',0,'3abr1rkd5S',NULL),(298,'2022-05-18 00:49:26','2022-05-18 00:51:18',0,'FR9lK0N3jj',NULL),(299,'2022-05-18 00:49:50','2022-05-18 00:55:35',0,'v2cwDSNYjD',NULL),(300,'2022-05-18 01:25:59','2022-05-18 01:36:10',-1,'wx583a6y38',NULL),(301,'2022-05-18 01:36:21','2022-05-18 01:48:22',-1,'2Q6I1gDiMb',NULL),(302,'2022-05-18 01:48:36','2022-05-18 01:56:08',-1,'5S1V59ldBO',NULL),(303,'2022-05-18 01:56:18','2022-05-18 01:59:00',-1,'4bhs57yw22',NULL),(304,'2022-05-18 01:59:07','2022-05-18 02:04:17',-1,'3JVt4kYd2k',NULL),(305,'2022-05-18 02:04:27','2022-05-18 02:04:50',2,'fg5iN1vz6m',NULL),(306,'2022-05-18 02:09:33','2022-05-18 02:10:32',-1,'K7vsrrDk8h',NULL),(307,'2022-05-18 09:48:18','2022-05-18 09:48:56',0,'2b22CJyWd6',NULL),(308,'2022-05-18 09:48:55','2022-05-18 09:49:12',0,'T2Q3cP6J4R',NULL),(309,'2022-05-18 09:49:11','2022-05-18 09:49:34',-1,'i1mh1AmvaR',NULL),(310,'2022-05-18 09:49:17','2022-05-18 09:50:05',0,'6D5k6cnvR2',NULL),(311,'2022-05-18 09:51:15','2022-05-18 09:52:00',0,'H4i2TsubGy',NULL),(312,'2022-05-18 09:53:23','2022-05-18 09:53:23',0,'stIasE3ne8',NULL),(313,'2022-05-18 09:53:23','2022-05-18 09:54:00',0,'Mr0f98I8tp',NULL),(314,'2022-05-18 09:53:44','2022-05-18 09:56:19',0,'O4UM9Pv3DB',NULL),(315,'2022-05-18 09:54:44','2022-05-18 09:59:04',0,'q9rbXT6u73',NULL),(316,'2022-05-18 09:56:27','2022-05-18 10:14:58',0,'mVwIucwSjf',NULL),(317,'2022-05-18 09:56:40','2022-05-18 09:57:44',0,'Vx3FpZ9CnN',NULL),(318,'2022-05-18 10:01:08','2022-05-18 10:01:45',-1,'2GCY1e2hKq',NULL),(319,'2022-05-18 10:01:51','2022-05-18 10:20:42',0,'IocO56D9Ko',NULL),(320,'2022-05-18 10:02:48','2022-05-18 10:03:07',0,'bfNWk5zV7h',NULL),(321,'2022-05-18 10:07:42','2022-05-18 10:09:02',0,'J7v9S25zZ2',NULL),(322,'2022-05-18 10:09:19','2022-05-18 10:09:55',0,'4v69wCb81J',NULL),(323,'2022-05-18 10:19:47','2022-05-18 10:19:47',0,'67l973oQ16',NULL),(324,'2022-05-18 10:20:06','2022-05-18 10:20:06',0,'Ap5CQBXW9c',NULL),(325,'2022-05-18 10:22:04','2022-05-18 10:22:14',0,'iiwejM56I5',NULL),(326,'2022-05-18 10:23:34','2022-05-18 10:50:54',0,'qSQT0BisT9',NULL),(327,'2022-05-18 10:50:34','2022-05-18 11:04:48',0,'JPMa5g53Z7',NULL),(328,'2022-05-18 11:20:17','2022-05-18 11:27:19',0,'br000VGDsD',NULL),(329,'2022-05-18 11:33:15','2022-05-18 11:34:30',0,'NBY293r589',NULL),(330,'2022-05-18 14:26:02','2022-05-18 14:26:02',0,'1so2ke8Gpr',NULL),(331,'2022-05-18 14:28:52','2022-05-18 14:38:38',0,'1j0UFXgnmq',NULL),(332,'2022-05-18 14:35:54','2022-05-18 14:36:22',0,'FzVB64u3JG',NULL),(333,'2022-05-18 14:38:47','2022-05-18 14:38:50',0,'79280VCpGV',NULL),(334,'2022-05-18 14:38:58','2022-05-18 14:39:55',0,'cg4Il99c5N',NULL),(335,'2022-05-18 14:46:42','2022-05-18 14:46:42',0,'X63Ww0CNk7',NULL),(336,'2022-05-18 14:46:53','2022-05-18 14:46:53',0,'HS90uFO1XT',NULL),(337,'2022-05-18 14:47:24','2022-05-18 14:47:24',0,'L42GyZ1U77',NULL),(338,'2022-05-18 14:47:47','2022-05-18 14:48:08',-1,'j68fO9Zuhj',NULL),(339,'2022-05-18 14:48:13','2022-05-18 14:51:40',-1,'ek3RH942v6',NULL),(340,'2022-05-18 14:51:43','2022-05-18 14:51:46',2,'5z475gdYf3',NULL);
/*!40000 ALTER TABLE `game_room` ENABLE KEYS */;
UNLOCK TABLES;

--
-- Table structure for table `game_user`
--

DROP TABLE IF EXISTS `game_user`;
/*!40101 SET @saved_cs_client     = @@character_set_client */;
/*!40101 SET character_set_client = utf8 */;
CREATE TABLE `game_user` (
  `game_user_seq` bigint(20) NOT NULL AUTO_INCREMENT,
  `created_date` datetime DEFAULT NULL,
  `modified_date` datetime DEFAULT NULL,
  `game_code` varchar(255) DEFAULT NULL,
  `game_seq` bigint(20) DEFAULT NULL,
  `user_seq` bigint(20) DEFAULT NULL,
  PRIMARY KEY (`game_user_seq`),
  KEY `FKif7jb3ff02mcjbdkp4yarcs2a` (`game_seq`),
  KEY `FK2mqktg28c9ndl4jhr6k33bfje` (`user_seq`),
  CONSTRAINT `FK2mqktg28c9ndl4jhr6k33bfje` FOREIGN KEY (`user_seq`) REFERENCES `user` (`user_seq`),
  CONSTRAINT `FKif7jb3ff02mcjbdkp4yarcs2a` FOREIGN KEY (`game_seq`) REFERENCES `game` (`game_seq`)
) ENGINE=InnoDB AUTO_INCREMENT=72 DEFAULT CHARSET=utf8mb4;
/*!40101 SET character_set_client = @saved_cs_client */;

--
-- Dumping data for table `game_user`
--

LOCK TABLES `game_user` WRITE;
/*!40000 ALTER TABLE `game_user` DISABLE KEYS */;
INSERT INTO `game_user` VALUES (1,'2022-05-09 05:31:00','2022-05-09 05:31:00','G01',1,1),(2,'2022-05-09 05:31:00','2022-05-09 05:31:00','G02',2,1),(3,'2022-05-09 05:31:00','2022-05-09 05:31:00','G03',3,1),(4,'2022-05-09 05:46:16','2022-05-09 05:46:16','G01',4,2),(5,'2022-05-09 05:46:16','2022-05-09 05:46:16','G02',5,2),(6,'2022-05-09 05:46:16','2022-05-09 05:46:16','G03',6,2),(7,'2022-05-09 06:20:54','2022-05-09 06:20:54','G01',7,3),(8,'2022-05-09 06:20:54','2022-05-09 06:20:54','G02',8,3),(9,'2022-05-09 06:20:54','2022-05-09 06:20:54','G03',9,3),(10,'2022-05-09 06:20:59','2022-05-09 06:20:59','G01',10,4),(11,'2022-05-09 06:20:59','2022-05-09 06:20:59','G02',11,4),(12,'2022-05-09 06:20:59','2022-05-09 06:20:59','G03',12,4),(13,'2022-05-09 06:21:01','2022-05-09 06:21:01','G01',13,5),(14,'2022-05-09 06:21:01','2022-05-09 06:21:01','G02',14,5),(15,'2022-05-09 06:21:01','2022-05-09 06:21:01','G03',15,5),(16,'2022-05-09 06:21:07','2022-05-09 06:21:07','G01',16,6),(17,'2022-05-09 06:21:07','2022-05-09 06:21:07','G02',17,6),(18,'2022-05-09 06:21:07','2022-05-09 06:21:07','G03',18,6),(19,'2022-05-10 10:29:40','2022-05-10 10:29:40','G01',19,7),(20,'2022-05-10 10:29:40','2022-05-10 10:29:40','G02',20,7),(21,'2022-05-10 10:29:40','2022-05-10 10:29:40','G03',21,7),(22,'2022-05-10 10:33:05','2022-05-10 10:33:05','G01',22,8),(23,'2022-05-10 10:33:05','2022-05-10 10:33:05','G02',23,8),(24,'2022-05-10 10:33:05','2022-05-10 10:33:05','G03',24,8),(25,'2022-05-10 10:33:11','2022-05-10 10:33:11','G01',25,9),(26,'2022-05-10 10:33:11','2022-05-10 10:33:11','G02',26,9),(27,'2022-05-10 10:33:11','2022-05-10 10:33:11','G03',27,9),(28,'2022-05-11 00:28:32','2022-05-11 00:28:32','G01',28,10),(29,'2022-05-11 00:28:32','2022-05-11 00:28:32','G02',29,10),(30,'2022-05-11 00:28:32','2022-05-11 00:28:32','G03',30,10),(31,'2022-05-11 14:28:32','2022-05-11 14:28:32','G01',31,11),(32,'2022-05-11 14:28:33','2022-05-11 14:28:33','G02',32,11),(33,'2022-05-11 14:28:33','2022-05-11 14:28:33','G03',33,11),(34,'2022-05-11 14:28:33','2022-05-11 14:28:33','G04',34,11),(35,'2022-05-12 18:26:52','2022-05-12 18:26:52','G01',35,12),(36,'2022-05-12 18:26:52','2022-05-12 18:26:52','G02',36,12),(37,'2022-05-12 18:26:52','2022-05-12 18:26:52','G03',37,12),(38,'2022-05-12 18:26:52','2022-05-12 18:26:52','G04',38,12),(39,'2022-05-12 19:42:28','2022-05-12 19:42:28','G01',39,13),(40,'2022-05-12 19:42:28','2022-05-12 19:42:28','G02',40,13),(41,'2022-05-12 19:42:28','2022-05-12 19:42:28','G03',41,13),(42,'2022-05-12 19:42:28','2022-05-12 19:42:28','G04',42,13),(43,'2022-05-12 22:33:12','2022-05-12 22:33:12','G01',43,14),(44,'2022-05-12 22:33:12','2022-05-12 22:33:12','G02',44,14),(45,'2022-05-12 22:33:12','2022-05-12 22:33:12','G03',45,14),(46,'2022-05-12 22:33:12','2022-05-12 22:33:12','G04',46,14),(47,'2022-05-12 22:44:29','2022-05-12 22:44:29','G01',47,15),(48,'2022-05-12 22:44:29','2022-05-12 22:44:29','G02',48,15),(49,'2022-05-12 22:44:29','2022-05-12 22:44:29','G03',49,15),(50,'2022-05-12 22:44:29','2022-05-12 22:44:29','G04',50,15),(51,'2022-05-13 09:15:23','2022-05-13 09:15:23','G01',51,16),(52,'2022-05-13 09:15:23','2022-05-13 09:15:23','G02',52,16),(53,'2022-05-13 09:15:23','2022-05-13 09:15:23','G03',53,16),(54,'2022-05-13 09:15:23','2022-05-13 09:15:23','G04',54,16),(55,'2022-05-13 09:50:32','2022-05-13 09:50:32','G01',55,17),(56,'2022-05-13 09:50:32','2022-05-13 09:50:32','G02',56,17),(57,'2022-05-13 09:50:32','2022-05-13 09:50:32','G03',57,17),(58,'2022-05-13 09:50:32','2022-05-13 09:50:32','G04',58,17),(59,'2022-05-13 11:31:52','2022-05-13 11:31:52','G04',59,1),(60,'2022-05-13 11:35:15','2022-05-13 11:35:15','G04',60,7),(61,'2022-05-13 11:35:50','2022-05-13 11:35:50','G04',61,8),(62,'2022-05-13 16:05:05','2022-05-13 16:05:05','G04',62,2),(63,'2022-05-14 23:32:31','2022-05-14 23:32:31','G04',63,9),(64,'2022-05-16 09:08:41','2022-05-16 09:08:41','G04',64,3),(65,'2022-05-16 14:10:24','2022-05-16 14:10:24','G04',65,10),(66,'2022-05-17 11:53:58','2022-05-17 11:53:58','G01',66,18),(67,'2022-05-17 11:53:58','2022-05-17 11:53:58','G02',67,18),(68,'2022-05-17 11:53:58','2022-05-17 11:53:58','G03',68,18),(69,'2022-05-18 11:18:32','2022-05-18 11:18:32','G01',69,19),(70,'2022-05-18 11:18:32','2022-05-18 11:18:32','G02',70,19),(71,'2022-05-18 11:18:32','2022-05-18 11:18:32','G03',71,19);
/*!40000 ALTER TABLE `game_user` ENABLE KEYS */;
UNLOCK TABLES;

--
-- Table structure for table `picture`
--

DROP TABLE IF EXISTS `picture`;
/*!40101 SET @saved_cs_client     = @@character_set_client */;
/*!40101 SET character_set_client = utf8 */;
CREATE TABLE `picture` (
  `picture_seq` bigint(20) NOT NULL AUTO_INCREMENT,
  `created_date` datetime DEFAULT NULL,
  `modified_date` datetime DEFAULT NULL,
  `del_yn` bit(1) NOT NULL,
  `picture_url` varchar(255) NOT NULL,
  `user_seq` bigint(20) DEFAULT NULL,
  PRIMARY KEY (`picture_seq`),
  KEY `FKl177u30rqt3435mtk5noh94sn` (`user_seq`),
  CONSTRAINT `FKl177u30rqt3435mtk5noh94sn` FOREIGN KEY (`user_seq`) REFERENCES `user` (`user_seq`)
) ENGINE=InnoDB AUTO_INCREMENT=16 DEFAULT CHARSET=utf8mb4;
/*!40101 SET character_set_client = @saved_cs_client */;

--
-- Dumping data for table `picture`
--

LOCK TABLES `picture` WRITE;
/*!40000 ALTER TABLE `picture` DISABLE KEYS */;
INSERT INTO `picture` VALUES (1,'2022-05-09 23:33:12','2022-05-09 23:33:12','\0','https://ssarcade.s3.ap-northeast-2.amazonaws.com/str_CAM_Uh6D_con_YXPZhw4ox9.jpeg',1),(2,'2022-05-15 20:48:09','2022-05-15 20:48:09','\0','https://ssarcade.s3.ap-northeast-2.amazonaws.com/str_CAM_XV3N_con_S7HCzCOs5U1652615236625.jpeg',1),(3,'2022-05-15 20:48:10','2022-05-15 20:48:10','\0','https://ssarcade.s3.ap-northeast-2.amazonaws.com/str_CAM_CssZ_con_Q3orM36n8T1652615275614.jpeg',1),(4,'2022-05-15 20:48:12','2022-05-15 20:48:12','\0','https://ssarcade.s3.ap-northeast-2.amazonaws.com/str_CAM_XV3N_con_S7HCzCOs5U1652615236625.jpeg',12),(5,'2022-05-15 20:48:18','2022-05-15 20:48:18','\0','https://ssarcade.s3.ap-northeast-2.amazonaws.com/str_CAM_CssZ_con_Q3orM36n8T1652615275614.jpeg',12),(6,'2022-05-17 15:52:56','2022-05-17 15:52:56','\0','https://ssarcade.s3.ap-northeast-2.amazonaws.com/str_CAM_EcZd_con_HbGrCcR60k1652770284601.jpeg',12),(7,'2022-05-17 16:45:19','2022-05-17 16:45:19','\0','https://ssarcade.s3.ap-northeast-2.amazonaws.com/str_CAM_MrUY_con_Ka3gS6sA1K1652773426553.jpeg',7),(8,'2022-05-18 10:34:11','2022-05-18 10:34:11','\0','https://ssarcade.s3.ap-northeast-2.amazonaws.com/str_CAM_N2DM_con_HGbgDZCyyA1652837433287.jpeg',1),(9,'2022-05-18 10:42:47','2022-05-18 10:42:47','\0','https://ssarcade.s3.ap-northeast-2.amazonaws.com/str_CAM_GA6A_con_GyJlFrxowb1652838099094.jpeg',1),(10,'2022-05-18 11:23:10','2022-05-18 11:23:10','\0','https://ssarcade.s3.ap-northeast-2.amazonaws.com/str_CAM_MEcb_con_SYNofuSqvV1652840562080.jpeg',14),(11,'2022-05-18 11:23:12','2022-05-18 11:23:12','\0','https://ssarcade.s3.ap-northeast-2.amazonaws.com/str_CAM_Bo2q_con_CTH7DWGyYK1652840582688.jpeg',14),(12,'2022-05-18 11:24:47','2022-05-18 11:24:47','\0','https://ssarcade.s3.ap-northeast-2.amazonaws.com/str_CAM_VtjN_con_LD5mNf1inX1652840658178.jpeg',14),(13,'2022-05-18 11:24:47','2022-05-18 11:24:47','\0','https://ssarcade.s3.ap-northeast-2.amazonaws.com/str_CAM_Bo2q_con_CTH7DWGyYK1652840679276.jpeg',14),(14,'2022-05-18 11:26:13','2022-05-18 11:26:13','\0','https://ssarcade.s3.ap-northeast-2.amazonaws.com/str_CAM_VtjN_con_LD5mNf1inX1652840743110.jpeg',14),(15,'2022-05-18 11:26:14','2022-05-18 11:26:14','\0','https://ssarcade.s3.ap-northeast-2.amazonaws.com/str_CAM_Bo2q_con_CTH7DWGyYK1652840764244.jpeg',14);
/*!40000 ALTER TABLE `picture` ENABLE KEYS */;
UNLOCK TABLES;

--
-- Table structure for table `user`
--

DROP TABLE IF EXISTS `user`;
/*!40101 SET @saved_cs_client     = @@character_set_client */;
/*!40101 SET character_set_client = utf8 */;
CREATE TABLE `user` (
  `user_seq` bigint(20) NOT NULL AUTO_INCREMENT,
  `created_date` datetime DEFAULT NULL,
  `modified_date` datetime DEFAULT NULL,
  `email` varchar(255) NOT NULL,
  `image` varchar(255) NOT NULL,
  `name` varchar(255) NOT NULL,
  `provider` varchar(255) NOT NULL,
  PRIMARY KEY (`user_seq`)
) ENGINE=InnoDB AUTO_INCREMENT=20 DEFAULT CHARSET=utf8mb4;
/*!40101 SET character_set_client = @saved_cs_client */;

--
-- Dumping data for table `user`
--

LOCK TABLES `user` WRITE;
/*!40000 ALTER TABLE `user` DISABLE KEYS */;
INSERT INTO `user` VALUES (1,'2022-05-09 05:31:00','2022-05-09 05:31:00','amlwq1105@gmail.com','https://lh3.googleusercontent.com/a-/AOh14GjF7TluwiB-87n4buAbDQscjEqGyoYsYWZYwqrRFw=s96-c','HE B','GOOGLE'),(2,'2022-05-09 05:46:16','2022-05-09 05:46:16','amlwq@naver.com','https://phinf.pstatic.net/contact/20200216_66/1581856450268OTVLa_JPEG/2017-01-21-17-25-45.jpg','배하은','NAVER'),(3,'2022-05-09 06:20:54','2022-05-09 06:20:54','qweadzs@naver.com','https://ssl.pstatic.net/static/pwe/address/img_profile.png','박현우','NAVER'),(4,'2022-05-09 06:20:59','2022-05-09 06:20:59','qweadzs@kyonggi.ac.kr','https://lh3.googleusercontent.com/a/AATXAJxfJoywVy4FCMzn0vRglgaF_4JdNSKtJH9UjLKc=s96-c','박현우','GOOGLE'),(5,'2022-05-09 06:21:01','2022-05-09 06:21:01','qweadzs@naver.com','http://k.kakaocdn.net/dn/dpk9l1/btqmGhA2lKL/Oz0wDuJn1YV2DIn92f6DVK/img_640x640.jpg','박현우','KAKAO'),(6,'2022-05-09 06:21:07','2022-05-09 06:21:07','qweadzs22@gmail.com','https://lh3.googleusercontent.com/a/AATXAJyuPE9Fn1_jMdmnq8DtCNXdyrOxQOAokDQkUqi1=s96-c','박현우','GOOGLE'),(7,'2022-05-10 10:29:40','2022-05-10 10:29:40','okqwaszx12@naver.com','https://ssl.pstatic.net/static/pwe/address/img_profile.png','이상우','NAVER'),(8,'2022-05-10 10:33:05','2022-05-10 10:33:05','okqwaszx123@gmail.com','https://lh3.googleusercontent.com/a/AATXAJxFXbkYqVScPMleUgrwWK_b3GtwG8Pebfm9d0fn=s96-c','이상우','GOOGLE'),(9,'2022-05-10 10:33:11','2022-05-10 10:33:11','sangwoo266@hanmail.net','http://k.kakaocdn.net/dn/mEe4F/btq6x0nvzA3/raZoxgHf6j0RNnJKpUFkmk/img_640x640.jpg','이상우','KAKAO'),(10,'2022-05-11 00:28:32','2022-05-11 00:28:32','songofstreetlight@gmail.com','https://lh3.googleusercontent.com/a-/AOh14GglBwXXZKUHNx4VCX_RMrAYWkyVU0dXac1RwPb5=s96-c','[서울_5반_배하은]','GOOGLE'),(11,'2022-05-11 14:28:32','2022-05-11 14:28:32','vnttyd96@ajou.ac.kr','https://lh3.googleusercontent.com/a/AATXAJwmeAgtAS6YYOtyui_kTwLMVbV09O7II6JDLAAe=s96-c','배하은','GOOGLE'),(12,'2022-05-12 18:26:52','2022-05-12 18:26:52','tmdrl5661@gmail.com','https://lh3.googleusercontent.com/a-/AOh14Gj6dt5_rqsTLabCJ7riQXUIi-RCIBjF_Ge4oOM=s96-c','홍승기','GOOGLE'),(13,'2022-05-12 19:42:28','2022-05-12 19:42:28','bhaeun1105@gmail.com','https://lh3.googleusercontent.com/a/AATXAJxenmk589J5kEmy1FNvl4VYScTpHqVXWjR0VfmH=s96-c','Haeun Bae','GOOGLE'),(14,'2022-05-12 22:33:12','2022-05-12 22:33:12','meanstrike94@gmail.com','https://lh3.googleusercontent.com/a-/AOh14GglAG8Ut4_p3AeJZ0yOyD3FNFX-cv8Nfi_6tFyftho=s96-c','주지환','GOOGLE'),(15,'2022-05-12 22:44:29','2022-05-12 22:44:29','taw1019@naver.com','http://k.kakaocdn.net/dn/UXqa2/btryV33ek6S/5knDKsvp3rxDOsDE6DUk4K/img_640x640.jpg','서민정','KAKAO'),(16,'2022-05-13 09:15:23','2022-05-13 09:15:23','kimms4142@naver.com','https://lh3.googleusercontent.com/a-/AOh14GgUMCaS1AqFCtbhygHN90FJJz5nUnYY5FnYZiPK=s96-c','kimms4142@naver.com','GOOGLE'),(17,'2022-05-13 09:50:32','2022-05-13 09:50:32','meanstrike@naver.com','https://phinf.pstatic.net/contact/20211012_279/1634028467823Nhhre_JPEG/zz%C0%CE%C5%CD%B3%DD%BF%F8%BC%AD%C1%A2%BC%F6%BF%EB.jpg','주지환','NAVER'),(18,'2022-05-17 11:53:58','2022-05-17 11:53:58','meanstrike@naver.com','http://k.kakaocdn.net/dn/dpk9l1/btqmGhA2lKL/Oz0wDuJn1YV2DIn92f6DVK/img_640x640.jpg','주지환','KAKAO'),(19,'2022-05-18 11:18:32','2022-05-18 11:18:32','amlwq@naver.com','http://k.kakaocdn.net/dn/dpk9l1/btqmGhA2lKL/Oz0wDuJn1YV2DIn92f6DVK/img_640x640.jpg','배하은','KAKAO');
/*!40000 ALTER TABLE `user` ENABLE KEYS */;
UNLOCK TABLES;
/*!40103 SET TIME_ZONE=@OLD_TIME_ZONE */;

/*!40101 SET SQL_MODE=@OLD_SQL_MODE */;
/*!40014 SET FOREIGN_KEY_CHECKS=@OLD_FOREIGN_KEY_CHECKS */;
/*!40014 SET UNIQUE_CHECKS=@OLD_UNIQUE_CHECKS */;
/*!40101 SET CHARACTER_SET_CLIENT=@OLD_CHARACTER_SET_CLIENT */;
/*!40101 SET CHARACTER_SET_RESULTS=@OLD_CHARACTER_SET_RESULTS */;
/*!40101 SET COLLATION_CONNECTION=@OLD_COLLATION_CONNECTION */;
/*!40111 SET SQL_NOTES=@OLD_SQL_NOTES */;

-- Dump completed on 2022-05-18 14:56:57
